{
 "band": {
  "n": 13,
  "redeemed": 13,
  "wins": 6,
  "cost": 40.372365,
  "payout": 48.0,
  "pnl": 7.627634999999998
 },
 "wings": {
  "n": 26,
  "redeemed": 26,
  "wins": 0,
  "cost": 0.391499,
  "payout": 0.0,
  "pnl": -0.391499
 },
 "combined": {
  "cost": 40.763864000000005,
  "payout": 48.0,
  "pnl": 7.236135999999995
 }
}