{
 "n": 2369,
 "corr_age_edge": -0.018353925232752883,
 "brier_raw": 0.2568291248159112,
 "brier_decay": 0.25682672482323693
}